{"cameraMode":{"drawMode":0,"name":"Shaded","section":"Shading Mode"},"sceneLighting":true,"audioPlay":false,"sceneViewState":{"showFog":true,"showMaterialUpdate":true,"showSkybox":true,"showFlares":true,"showImageEffects":true,"showParticleSystems":true},"in2DMode":false,"pivot":{"x":-403.593994140625,"y":256.51397705078127,"z":1179.3553466796875},"rotation":{"x":-0.24159391224384309,"y":0.5659092664718628,"z":-0.178042933344841,"w":-0.7679065465927124},"size":3172.548095703125,"orthographic":false}