{"cameraMode":{"drawMode":0,"name":"Shaded","section":"Shading Mode"},"sceneLighting":false,"audioPlay":false,"sceneViewState":{"showFog":true,"showMaterialUpdate":false,"showSkybox":false,"showFlares":true,"showImageEffects":true,"showParticleSystems":true},"in2DMode":false,"pivot":{"x":1.8004307746887208,"y":2.9114227294921877,"z":2.9541683197021486},"rotation":{"x":0.09540270268917084,"y":0.858703076839447,"z":-0.47288140654563906,"w":0.17298774421215058},"size":37.871158599853519,"orthographic":false}