{"cameraMode":{"drawMode":0,"name":"Shaded","section":"Shading Mode"},"sceneLighting":true,"audioPlay":false,"sceneViewState":{"showFog":true,"showMaterialUpdate":false,"showSkybox":true,"showFlares":true,"showImageEffects":true,"showParticleSystems":true},"in2DMode":false,"pivot":{"x":-271.6152648925781,"y":-135.78675842285157,"z":462.5873107910156},"rotation":{"x":-0.1348547339439392,"y":0.839404284954071,"z":-0.24211019277572633,"w":-0.46754536032676699},"size":2512.708984375,"orthographic":false}