{"cameraMode":{"drawMode":0,"name":"Shaded","section":"Shading Mode"},"sceneLighting":true,"audioPlay":false,"sceneViewState":{"showFog":true,"showMaterialUpdate":true,"showSkybox":true,"showFlares":true,"showImageEffects":true,"showParticleSystems":true},"in2DMode":false,"pivot":{"x":-36.27901840209961,"y":3.0017812252044679,"z":43.202117919921878},"rotation":{"x":-0.11292888224124909,"y":0.11951988190412522,"z":-0.013680513948202134,"w":-0.9863001704216003},"size":200.82276916503907,"orthographic":false}