{"cameraMode":{"drawMode":0,"name":"Shaded","section":"Shading Mode"},"sceneLighting":false,"audioPlay":false,"sceneViewState":{"showFog":true,"showMaterialUpdate":true,"showSkybox":false,"showFlares":true,"showImageEffects":true,"showParticleSystems":true},"in2DMode":false,"pivot":{"x":-8.766626358032227,"y":2.19688081741333,"z":9.555899620056153},"rotation":{"x":0.02049492485821247,"y":-0.9794787764549255,"z":0.14534048736095429,"w":0.13813628256320954},"size":13.720473289489746,"orthographic":false}