{"cameraMode":{"drawMode":0,"name":"Shaded","section":"Shading Mode"},"sceneLighting":true,"audioPlay":false,"sceneViewState":{"showFog":true,"showMaterialUpdate":true,"showSkybox":true,"showFlares":true,"showImageEffects":true,"showParticleSystems":true},"in2DMode":false,"pivot":{"x":75.80000305175781,"y":19.3799991607666,"z":21.70922088623047},"rotation":{"x":0.04821658134460449,"y":-0.9375556111335754,"z":0.14457599818706513,"w":0.31268268823623659},"size":4.881725788116455,"orthographic":false}