{"cameraMode":{"drawMode":0,"name":"Shaded","section":"Shading Mode"},"sceneLighting":false,"audioPlay":false,"sceneViewState":{"showFog":true,"showMaterialUpdate":true,"showSkybox":false,"showFlares":true,"showImageEffects":true,"showParticleSystems":true},"in2DMode":false,"pivot":{"x":-4.302710294723511e-7,"y":1.000000238418579,"z":2.004260778427124},"rotation":{"x":0.02049492485821247,"y":-0.9794787764549255,"z":0.14534048736095429,"w":0.13813628256320954},"size":0.21001087129116059,"orthographic":false}