{"cameraMode":{"drawMode":0,"name":"Shaded","section":"Shading Mode"},"sceneLighting":true,"audioPlay":false,"sceneViewState":{"showFog":true,"showMaterialUpdate":true,"showSkybox":false,"showFlares":true,"showImageEffects":true,"showParticleSystems":true},"in2DMode":false,"pivot":{"x":74.22623443603516,"y":16.790000915527345,"z":14.616630554199219},"rotation":{"x":0.13902506232261659,"y":0.67359459400177,"z":-0.13115638494491578,"w":0.7139660716056824},"size":38.51424026489258,"orthographic":false}