{"cameraMode":{"drawMode":0,"name":"Shaded","section":"Shading Mode"},"sceneLighting":false,"audioPlay":false,"sceneViewState":{"showFog":true,"showMaterialUpdate":true,"showSkybox":false,"showFlares":true,"showImageEffects":true,"showParticleSystems":true},"in2DMode":false,"pivot":{"x":0.23337379097938538,"y":1.276605248451233,"z":0.6576436758041382},"rotation":{"x":0.003871791297569871,"y":-0.9835601449012756,"z":0.1792936772108078,"w":0.021255245432257654},"size":1.0184752941131592,"orthographic":false}