{"cameraMode":{"drawMode":0,"name":"Shaded","section":"Shading Mode"},"sceneLighting":true,"audioPlay":false,"sceneViewState":{"showFog":true,"showMaterialUpdate":false,"showSkybox":true,"showFlares":true,"showImageEffects":true,"showParticleSystems":true},"in2DMode":false,"pivot":{"x":58.026405334472659,"y":27.441526412963868,"z":-5.463000774383545},"rotation":{"x":0.19479624927043916,"y":0.4673062860965729,"z":-0.10636971145868302,"w":0.8557838797569275},"size":4.2817254066467289,"orthographic":false}