{"cameraMode":{"drawMode":0,"name":"Shaded","section":"Shading Mode"},"sceneLighting":false,"audioPlay":false,"sceneViewState":{"showFog":true,"showMaterialUpdate":false,"showSkybox":false,"showFlares":true,"showImageEffects":true,"showParticleSystems":true},"in2DMode":false,"pivot":{"x":-4.420000076293945,"y":-2.4700000286102297,"z":-11.029999732971192},"rotation":{"x":-0.11116424202919007,"y":0.6370766758918762,"z":-0.09355588257312775,"w":-0.7569826245307922},"size":2.8578836917877199,"orthographic":false}