{"cameraMode":{"drawMode":0,"name":"Shaded","section":"Shading Mode"},"sceneLighting":false,"audioPlay":false,"sceneViewState":{"showFog":true,"showMaterialUpdate":false,"showSkybox":false,"showFlares":true,"showImageEffects":true,"showParticleSystems":true},"in2DMode":false,"pivot":{"x":67.71499633789063,"y":17.25,"z":4.130000114440918},"rotation":{"x":0.07976332306861878,"y":-0.755437970161438,"z":0.09362785518169403,"w":0.6435726284980774},"size":5.933717250823975,"orthographic":false}