{"cameraMode":{"drawMode":0,"name":"Shaded","section":"Shading Mode"},"sceneLighting":true,"audioPlay":false,"sceneViewState":{"showFog":true,"showMaterialUpdate":false,"showSkybox":true,"showFlares":true,"showImageEffects":true,"showParticleSystems":true},"in2DMode":false,"pivot":{"x":9.468273162841797,"y":0.7074694633483887,"z":-21.53313446044922},"rotation":{"x":0.15072955191135407,"y":0.3079783320426941,"z":-0.04946841299533844,"w":0.9380995631217957},"size":31.382713317871095,"orthographic":false}