{"cameraMode":{"drawMode":0,"name":"Shaded","section":"Shading Mode"},"sceneLighting":false,"audioPlay":false,"sceneViewState":{"showFog":true,"showMaterialUpdate":false,"showSkybox":false,"showFlares":true,"showImageEffects":true,"showParticleSystems":true},"in2DMode":false,"pivot":{"x":20.829999923706056,"y":0.8614234328269959,"z":-16.347484588623048},"rotation":{"x":-0.10340870171785355,"y":-0.8386389017105103,"z":0.1711409091949463,"w":-0.5067034959793091},"size":4.755264759063721,"orthographic":false}