{"cameraMode":{"drawMode":0,"name":"Shaded","section":"Shading Mode"},"sceneLighting":false,"audioPlay":false,"sceneViewState":{"showFog":true,"showMaterialUpdate":false,"showSkybox":false,"showFlares":true,"showImageEffects":true,"showParticleSystems":true},"in2DMode":false,"pivot":{"x":-0.11189150810241699,"y":1.143897294998169,"z":-0.18450927734375},"rotation":{"x":0.00633136834949255,"y":-0.9935467839241028,"z":0.07196930795907974,"w":0.08765963464975357},"size":1.8008575439453126,"orthographic":false}