{"cameraMode":{"drawMode":0,"name":"Shaded","section":"Shading Mode"},"sceneLighting":false,"audioPlay":false,"sceneViewState":{"showFog":true,"showMaterialUpdate":false,"showSkybox":false,"showFlares":true,"showImageEffects":true,"showParticleSystems":true},"in2DMode":false,"pivot":{"x":-1.2876102924346924,"y":1.3941417932510377,"z":1.1519005298614503},"rotation":{"x":-0.10340870171785355,"y":-0.8386389017105103,"z":0.1711409091949463,"w":-0.5067034959793091},"size":4.755262851715088,"orthographic":false}